{
    "train_MSE": 3525.489330133174,
    "test_MSE": 4519.838922006727,
    "validation_MSE": 4805.410832286017
}