{
    "train_MSE": 2898.7882824474245,
    "test_MSE": 2848.7507000897963,
    "validation_MSE": 2910.8630371515537
}